,,Holiday,Problem,US Day - April,,,,,US Ev. - May,,,US Day - May,,,,,,US/FR - July,,,,,,US Ev. - July,,
,,,,13,Morning 9m-1pm EST,,Afternoon 2pm-6pm EST,,,"6pm-10pm EST
10am-6pm EST",Evening / Satursday,12,Morning 9m-1pm EST,,Afternoon 2pm-6pm EST,,,10,Morning 9m-1pm EST,,Afternoon 2pm-6pm EST,,,,"6pm-10pm EST
10am-6pm EST",Evening / Satursday
Wed.,  04/01,,FALSE,1,"0.1 Bootcamp presentation
0.2 Introduction to AI",Samy,"0.2 Introduction to AI
0.3 Panorama of AI",Samy,,,,,,,,,  04/01,,,,,,  04/01,,,
Thu.,  04/02,,FALSE,2,"A1.1 The foundations for AI
A1.3 Python",Nathan,A1.3 Python,Fanbo,,,,,,,,,  04/02,,,,,,  04/02,,,
Fri.,  04/03,,FALSE,3,A1.3 Python,Nathan,A1.3 Python,Fanbo,,,,,,,,,  04/03,,,,,,  04/03,,,
Sat.,  04/04,,FALSE,,,,,,,,,,,,,,  04/04,,,,,,  04/04,,,
Mon.,  04/06,,FALSE,4,A1.4.1 Maths for AI - Linear Algebra,Nathan,A1.4.1 Maths for AI - Linear Algebra,Fanbo,,,,,,,,,  04/06,,,,,,  04/06,,,
Tue.,  04/07,,FALSE,5,A1.4.2 Maths for AI - Probabilities,Nathan,A1.4.2 Maths for AI - Probabilities,Fanbo,,,,,,,,,  04/07,,,,,,  04/07,,,
Wed.,  04/08,,FALSE,6,A1.4.3 Maths for AI - Stats & Tests,Dmitry,A1.4.3 Maths for AI - Stats & Tests,Fanbo,,,,,,,,,  04/08,,,,,,  04/08,,,
Thu.,  04/09,,FALSE,7,A1.5 R,Mustafa,A1.5 R,Mustafa,,,,,,,,,  04/09,,,,,,  04/09,,,
Fri.,  04/10,,FALSE,8,A1.6 Data Engineering with R,Mustafa,A1.6 Data Engineering with R,Mustafa,,,,,,,,,  04/10,,,,,,  04/10,,,
Sat.,  04/11,,FALSE,,,,,,,,,,,,,,  04/11,,,,,,  04/11,,,
Mon.,  04/13,x,FALSE,9,"A1.4.4,5 Statistics in Python",Fanbo,"A1.4.4,5 Statistics in Python",Fanbo,,,,,,,,,  04/13,,,,,,  04/13,,,
Tue.,  04/14,,FALSE,10,A1.7 Algorithmic & Complexity,Dmitry,A1.8 SQL,Mustafa,,,,,,,,,  04/14,,,,,,  04/14,,,
Wed.,  04/15,,FALSE,11,A1.7 Algorithmic & Complexity,Dmitry,A1.8 SQL,Mustafa,,,,,,,,,  04/15,,,,,,  04/15,,,
Thu.,  04/16,,FALSE,12,A1.7 Algorithmic & Complexity,Dmitry,A1.2 Git / GitHub,Fanbo,,,,,,,,,  04/16,,,,,,  04/16,,,
Fri.,  04/17,,FALSE,13,A1.7 Algorithmic & Complexity,Dmitry,A1.2 Git / GitHub,Fanbo,,,,,,,,,  04/17,,,,,,  04/17,,,
Sat.,  04/18,,FALSE,,,,,,,,,,,,,,  04/18,,,,,,  04/18,,,
Mon.,  04/20,,FALSE,14,A1.7 Algorithmic & Complexity,Dmitry,A2.3 ML APIs,Fanbo,,,,,,,,,  04/20,,,,,,  04/20,,,
Tue.,  04/21,,FALSE,15,A1.7 Algorithmic & Complexity,Dmitry,A2.3 ML APIs,Fanbo,,,,,,,,,  04/21,,,,,,  04/21,,,
Wed.,  04/22,,FALSE,16,A1.9 SAS,Nathan,B1.1.1-4 ML & Regressions,Fanbo,,,,,,,,,  04/22,,,,,,  04/22,,,
Thu.,  04/23,,FALSE,17,A1.9 SAS,Nathan,B1.1.1-4 ML & Regressions,Fanbo,,,,,,,,,  04/23,,,,,,  04/23,,,
Fri.,  04/24,,FALSE,18,A1.9 SAS,Nathan,B1.1.1-4 ML & Regressions,Fanbo,,,,,,,,,  04/24,,,,,,  04/24,,,
Sat.,  04/25,,FALSE,,,,,,,,,,,,,,  04/25,,,,,,  04/25,,,
Mon.,  04/27,,FALSE,19,A1.9 SAS,Nathan,Personal Project,Dmitry,,,,,,,,,  04/27,,,,,,  04/27,,,
Tue.,  04/28,,FALSE,20,B1.1.7-8 ML decision trees,Dmitry,B1.1.5-6 ML - Supervised - NN & Cie,Fanbo,,,,,,,,,  04/28,,,,,,  04/28,,,
Wed.,  04/29,,FALSE,21,B1.1.7-8 ML decision trees,Dmitry,B1.1.5-6 ML - Supervised - NN & ....,Fanbo,,,,,,,,,  04/29,,,,,,  04/29,,,
Thu.,  04/30,,FALSE,22,B1.1.9-11 ML Unsupervised Learning,Dmitry,B1.1.5-6 ML - Supervised - NN & ....,Fanbo,,,,,,,,,  04/30,,,,,,  04/30,,,
Fri.,  05/01,x,FALSE,23,B1.1.9-11 ML Unsupervised Learning,Dmitry,Personal Project,PP,,,,,,,,,  05/01,,,,,,  05/01,,,
Sat.,  05/02,,FALSE,,,,,,,,,,,,,,  05/02,,,,,,  05/02,,,
Mon.,  05/04,,FALSE,24,B1.3.1-3 Tensorflow Intro,Dmitry,B1.2 ML Workshop,Fanbo,,,,,,,,,  05/04,,,,,,  05/04,,,
Tue.,  05/05,,FALSE,25,B1.3.1-3 Tensorflow Intro,Dmitry,B1.2 ML Workshop,Fanbo,,,,,,,,,  05/05,,,,,,  05/05,,,
Wed.,  05/06,,FALSE,26,B1.3.1-3 Tensorflow Intro,Dmitry,Personal Project,PP,,,,,,,,,  05/06,,,,,,  05/06,,,
Thu.,  05/07,,FALSE,27,B1.4.1-2 Deep Learning - ANN,Dmitry,B1.4.1-2 Deep Learning - ANN,Fanbo,,,,,,,,,  05/07,,,,,,  05/07,,,
Fri.,  05/08,x,FALSE,28,B1.4.3-4 Deep Learning - CNN,Fanbo,B1.4.3-4 Deep Learning - CNN,Fanbo,,,,,,,,,  05/08,,,,,,  05/08,,,
Sat.,  05/09,,FALSE,,,,,,,,,,,,,,  05/09,,,,,,  05/09,,,
Mon.,  05/11,,FALSE,29,B1.4.7-9 Deep Learning - Auto-encoders,Dmitry,A2.1 Big Data archi & Hadoop,Mustafa,,,,1,"0.1 Bootcamp presentation
0.2 Introduction to AI",Samy,"0.2 Introduction to AI
0.3 Panorama of AI",Samy,  05/11,,,,,,  05/11,,,
Tue.,  05/12,,FALSE,30,B1.4.7-9 Deep Learning - Auto-encoders,Dmitry,A2.1 Big Data archi & Hadoop,Mustafa,1,"A1. Bootcamp Presentation
A2. Intro to AI",Fanbo,2,A1.4.1 Maths for AI - Linear Algebra,Nathan,"A1.1 The foundations for AI
A1.3 Python",Sami,  05/12,,,,,,  05/12,,,
Wed.,  05/13,,FALSE,31,A2.1 Big Data archi & Hadoop,Mustafa,A2.1 Big Data archi & Hadoop,Mustafa,2,"A1.1 The foundations for AI
A1.3 Python",Fanbo,3,A1.4.1 Maths for AI - Linear Algebra,Nathan,A1.3 Python,Sami,  05/13,,,,,,  05/13,,,
Thu.,  05/14,,FALSE,32,B1.4.7-9 Deep Learning - Auto-encoders,Dmitry,B1.6 Fraud Detection,Mustafa,3,          A1.3 Python,Fanbo,4,A1.4.2 Maths for AI - Probabilities,Nathan,A1.3 Python,Sami,  05/14,,,,,,  05/14,,,
Fri.,  05/15,,FALSE,33,B1.4.7-9 Deep Learning - Auto-encoders,Dmitry,B1.6 Fraud Detection,Mustafa,,,,5,A1.4.2 Maths for AI - Probabilities,Nathan,A1.3 Python,Sami,  05/15,,,,,,  05/15,,,
Sat.,  05/16,,FALSE,,,,,,4,A1.3 Python,Fanbo,,,,,,  05/16,,,,,,  05/16,,,
Mon.,  05/18,,FALSE,34,B1.4.10-11 Timeseries,Dmitry,B1.4.5-6 Deep Learning - RNN,Mustafa,,,,6,A1.4.3 Maths for AI - Stats & Tests,Nathan,"A1.4.4,5 Statistics in Python",Sami,  05/18,,,,,,  05/18,,,
Tue.,  05/19,,FALSE,35,B1.4.10-11 Timeseries,Dmitry,B1.4.5-6 Deep Learning - RNN,Mustafa,5,A1.4.1 Maths for AI - Linear Algebra,Fanbo,7,A1.4.3 Maths for AI - Stats & Tests,Nathan,"A1.4.4,5 Statistics in Python",Sami,  05/19,,,,,,  05/19,,,
Wed.,  05/20,,FALSE,36,B1.5 Customer Segmentation,Dmitry,Personal Project,PP,6,A1.4.1 Maths for AI - Linear Algebra,Fanbo,8,A1.5 R,Mustafa,A1.5 R,Mustafa,  05/20,,,,,,  05/20,,,
Thu.,  05/21,x,FALSE,37,B1.5 Customer Segmentation,Dmitry,Personal Project,PP,7,A1.4.2 Maths for AI - Probabilities,Fanbo,9,A1.6 Data Engineering with R,Mustafa,A1.6 Data Engineering with R,Mustafa,  05/21,,,,,,  05/21,,,
Fri.,  05/22,,FALSE,X,Memorial Day,,Memorial Day,,,,,X,Memorial Day,,,,  05/22,,,,,,  05/22,,,
Sat.,  05/23,,FALSE,,,,,,8,A1.8 SQL,Mustafa,,,,,,  05/23,,,,,,  05/23,,,
Mon.,  05/25,,FALSE,38,B1.5 Customer Segmentation,Dmitry,Personal Project,PP,,,,10,A1.2 Git / GitHub,Nathan,A1.2 Git / GitHub,Mustafa,  05/25,,,,,,  05/25,,,
Tue.,  05/26,,FALSE,39,B1.5 Customer Segmentation,Dmitry,B1.4.10-11 Timeseries,Mustafa,9,A1.4.2 Maths for AI - Probabilities,Fanbo,11,A1.7 Algorithmic & Complexity,Nathan,A1.8 SQL,Sami,  05/26,,,,,,  05/26,,,
Wed.,  05/27,,FALSE,40,B1.5 Customer Segmentation,Dmitry,B1.4.10-11 Timeseries,Mustafa,10,A1.4.3 Maths for AI - Stats & Tests,Fanbo,12,A1.7 Algorithmic & Complexity,Nathan,A1.8 SQL,Sami,  05/27,,,,,,  05/27,,,
Thu.,  05/28,,FALSE,41,B2.1 Image Processing,Dmitry,Personal Project,PP,11,A1.4.3 Maths for AI - Stats & Tests,Fanbo,13,A1.7 Algorithmic & Complexity,Nathan,A1.7 Algorithmic & Complexity,Mustafa,  05/28,,,,,,  05/28,,,
Fri.,  05/29,,FALSE,42,A2.2 AWS,Quang,A2.2 AWS,Quang,,,,14,A1.7 Algorithmic & Complexity,Nathan,A1.7 Algorithmic & Complexity,Mustafa,  05/29,,,,,,  05/29,,,
Sat.,  05/30,,FALSE,,,,,,12,A1.5 R,Mustafa,,,,,,  05/30,,,,,,  05/30,,,
Mon.,  06/01,x,FALSE,43,B2.1 Image Processing,Dmitry,Personal Project,PP,,,,15,Personal Project,Mustafa,A2.3 ML APIs,Sami,  06/01,,,,,,  06/01,,,
Tue.,  06/02,,FALSE,44,B2.1 Image Processing,Dmitry,B2.2 Face Detection / RNN,Mustafa,13,"A1.4.4,5 Statistics in Python",Fanbo,16,A1.9 SAS,Nathan,A2.3 ML APIs,Sami,  06/02,,,,,,  06/02,,,
Wed.,  06/03,,FALSE,45,B2.3 Natural Language Processing,Dmitry,B2.2 Face Detection,Mustafa,14,"A1.4.4,5 Statistics in Python",Fanbo,17,A1.9 SAS,Nathan,B1.1.1-4 ML & Regressions,Sami,  06/03,,,,,,  06/03,,,
Thu.,  06/04,,FALSE,46,B2.3 Natural Language Processing,Dmitry,B2.2 Face Detection,Mustafa,15,B1.1.1-4 ML & Regressions,Fanbo,18,A1.9 SAS,Nathan,B1.1.1-4 ML & Regressions,Sami,  06/04,,,,,,  06/04,,,
Fri.,  06/05,,FALSE,47,A2.2 AWS,Quang,A2.2 AWS,Quang,,,,19,A1.9 SAS,Nathan,B1.1.1-4 ML & Regressions,Sami,  06/05,,,,,,  06/05,,,
Sat.,  06/06,,FALSE,,,,,,16,A1.6 Data Engineering with R,Mustafa,,,,,,  06/06,,,,,,  06/06,,,
Mon.,  06/08,,FALSE,48,B2.3 Natural Language Processing,Dmitry,B2.4 Speech representation & recognition,Mustafa,,,,20,B1.1.5-6 ML - Supervised - NN & Cie,Nathan,B1.1.7-8 ML decision trees,Sami,  06/08,,,,,,  06/08,,,
Tue.,  06/09,,FALSE,49,"D1 Interview questions, ML",Dmitry,B2.4 Speech representation & recognition,Mustafa,17,B1.1.1-4 ML & Regressions,Fanbo,21,B1.1.5-6 ML - Supervised - NN & Cie,Nathan,B1.1.7-8 ML decision trees,Sami,  06/09,,,,,,  06/09,,,
Wed.,  06/10,,FALSE,50,A2.2 AWS,Quang,B2.4 Speech representation & recognition,Mustafa,18,B1.1.1-4 ML & Regressions,Fanbo,22,B1.1.5-6 ML - Supervised - NN & Cie,Nathan,Personal Project,PP,  06/10,,,,,,  06/10,,,
Thu.,  06/11,,FALSE,51,B2.6 Computer Vision for Autonomous Cars,Nathan,A2.2 AWS,Quang,19,A2.3 ML APIs,Fanbo,23,B1.1.9-11 ML Unsupervised Learning,Dmitry,A2.1 Big Data archi & Hadoop,Mustafa,  06/11,,,,,,  06/11,,,
Fri.,  06/12,,FALSE,52,B2.6 Computer Vision for Autonomous Cars,Nathan,Personal Project,PP,,,,24,B1.1.9-11 ML Unsupervised Learning,Dmitry,A2.1 Big Data archi & Hadoop,Mustafa,  06/12,,,,,,  06/12,,,
Sat.,  06/13,,FALSE,,,,,,20,A2.3 ML APIs/B1.1.5-6 ML - Supervised - NN & Cie,Fanbo,,,,,,  06/13,,,,,,  06/13,,,
Mon.,  06/15,,FALSE,53,"D1 Interview questions, ML",Dmitry,"D0 Interview preparation, HR",Jad,,,,25,B1.2 ML Workshop,Nathan,A2.1 Big Data archi & Hadoop,Mustafa,  06/15,,,,,,  06/15,,,
Tue.,  06/16,,FALSE,54,"D2 Interview questions, ML / algorithms",Dmitry,"D0 Interview preparation, HR",Jad,21,B1.1.5-6 ML - Supervised - NN & Cie,Fanbo,26,B1.2 ML Workshop,Nathan,A2.1 Big Data archi & Hadoop,Mustafa,  06/16,,,,,,  06/16,,,
Wed.,  06/17,,FALSE,55,Personal project,PP,Personal project,PP,22,B1.1.5-6 ML - Supervised - NN & Cie,Fanbo,27,B1.3.1-3 Tensorflow Intro,Mustafa,B1.3.1-3 Tensorflow Intro,Mustafa,  06/17,,,,,,  06/17,,,
Thu.,  06/18,,FALSE,56,"D2 Interview questions, algorithms",Dmitry,Personal project,PP,23,B1.1.5-6 ML - Supervised - NN & Cie,Fanbo,28,B1.3.1-3 Tensorflow Intro,Mustafa,Personal Project,PP,  06/18,,,,,,  06/18,,,
Fri.,  06/19,,FALSE,57,"D2 Interview questions, algorithms",Dmitry,B2.5 Chatbot for medical diagnosis,Mustafa,,,,29,B1.4.1-2 Deep Learning - ANN,Nathan,B1.4.1-2 Deep Learning - ANN,Sami,  06/19,,,,,,  06/19,,,
Sat.,  06/20,,FALSE,,,,,,24,B1.1.7-8 ML decision trees,Sami,,,,,,  06/20,,,,,,  06/20,,,
Mon.,  06/22,,FALSE,58,B2.5 Chatbot for medical diagnosis,Mustafa,B1.7 RL & AI in videogames,Mustafa,,,,30,B1.4.3-4 Deep Learning - CNN,Nathan,B1.4.3-4 Deep Learning - CNN,Sami,  06/22,,,,,,  06/22,,,
Tue.,  06/23,,FALSE,59,B1.7 RL & AI in videogames,Mustafa,Personal project,PP,25,A1.7 Algorithmic & Complexity(1/2),Fanbo,31,B1.4.5-6 Deep Learning - RNN,Sami,B1.4.5-6 Deep Learning - RNN,Sami,  06/23,,,,,,  06/23,,,
Wed.,  06/24,,FALSE,60,Team Project Presentation,Dmitry,Team Project Presentation,Dmitry,26,A1.7 Algorithmic & Complexity(1/2),Fanbo,32,B1.5 Customer Segmentation,Nathan,Personal Project,PP,  06/24,,,,,,  06/24,,,
Thu.,  06/25,,FALSE,,,,,,27,A1.7 Algorithmic & Complexity(1/2),Fanbo,33,B1.5 Customer Segmentation,Nathan,B1.4.7-9 Deep Learning - Auto-encoders,Mustafa,  06/25,,,,,,  06/25,,,
Fri.,  06/26,,FALSE,,,,,,,,,34,B1.5 Customer Segmentation,Nathan,B1.4.7-9 Deep Learning - Auto-encoders,Mustafa,  06/26,,,,,,  06/26,,,
Sat.,  06/27,,FALSE,,,,,,28,Personal Project,Fanbo/Sami,,,,,,  06/27,,,,,,  06/27,,,
Mon.,  06/29,,FALSE,,Final pre-practice  day ,Fanbo/Dmtry,,,,,,35,B1.5 Customer Segmentation,Nathan,B1.4.7-9 Deep Learning - Auto-encoders,Mustafa,  06/29,,,,,,  06/29,,,
Tue.,  06/30,,FALSE,,,,,,,,,36,B1.5 Customer Segmentation,Nathan,B1.4.7-9 Deep Learning - Auto-encoders,Mustafa,  06/30,,,,,,  06/30,,,
Wed.,  07/01,,FALSE,,Public Demo Day,,,,,,,37,April track Demo Day,,B1.6 Fraud Detection,Mustafa,  07/01,1,"0.1 Bootcamp presentation
0.2 Introduction to AI",Samy,"0.2 Introduction to AI
0.3 Panorama of AI",Samy,  07/01,,,
Thu.,  07/02,,FALSE,,,,,,,,,38,B1.4.10-11 Timeseries,Dmitry,B1.6 Fraud Detection,Mustafa,  07/02,2,"A1.1 The foundations for AI
A1.3 Python",Fanbo,          A1.3 Python,Fanbo,  07/02,,,
Fri.,  07/03,US,FALSE,,,,,,X,Independence Day,,X,Independence Day,,,,  07/03,X,Independence Day,,,,  07/03,X,Independence Day,
Sat.,  07/04,US,FALSE,,,,,,X,Independence Day,,,,,,,  07/04,,,,,,  07/04,X,Independence Day,
Mon.,  07/06,US,FALSE,,,,,,X,Independence Day,,X,Independence Day,,,,  07/06,X,Independence Day,,,,  07/06,X,Independence Day,
Tue.,  07/07,,FALSE,,,,,,,,,39,B1.4.10-11 Timeseries,Dmitry,Personal Project,PP,  07/07,3,          A1.3 Python,Sami,          A1.3 Python,Sami,  07/07,1,"A1. Bootcamp Presentation
A2. Intro to AI",Sami
Wed.,  07/08,,FALSE,,,,,,,,,40,B1.4.10-11 Timeseries,Dmitry,"D0 Interview preparation, HR",Jad,  07/08,4,A1.4.1 Maths for AI - Linear Algebra,Sami,A1.4.1 Maths for AI - Linear Algebra,Sami,  07/08,2,"A1.1 The foundations for AI
A1.3 Python",Sami
Thu.,  07/09,,FALSE,,,,,,,,,41,B1.4.10-11 Timeseries,Dmitry,"D0 Interview preparation, HR",Jad,  07/09,5,A1.4.2 Maths for AI - Probabilities,Sami,A1.4.2 Maths for AI - Probabilities,Sami,  07/09,3,          A1.3 Python,Sami
Fri.,  07/10,,FALSE,,,,,,,,,42,B2.1 Image Processing,Dmitry,Personal Project,PP,  07/10,6,A1.8 SQL,Mustafa,A1.8 SQL,Mustafa,  07/10,,,
Sat.,  07/11,,FALSE,,,,,,,,,,,,,,  07/11,,,,,,  07/11,4,A1.3 Python,Sami
Mon.,  07/13,,FALSE,,,,,,,,,43,B2.1 Image Processing,Dmitry,B1.7 RL & AI in videogames,Mustafa,  07/13,7,A1.4.3 Maths for AI - Stats & Tests,Fanbo,A1.4.3 Maths for AI - Stats & Tests,Fanbo,  07/13,,,
Tue.,  07/14,FR,FALSE,,,,,,,,,44,B2.1 Image Processing,Dmitry,B1.7 RL & AI in videogames,Mustafa,  07/14,X,French National Day,,,,  07/14,5,A1.4.1 Maths for AI - Linear Algebra,Sami
Wed.,  07/15,,FALSE,,,,,,,,,45,A2.2 AWS,Quang,A2.2 AWS,Quang,  07/15,8,"A1.4.4,5 Statistics in Python",Fanbo,"A1.4.4,5 Statistics in Python",Fanbo,  07/15,6,A1.4.1 Maths for AI - Linear Algebra,Sami
Thu.,  07/16,,FALSE,,,,,,,,,46,B2.2 Face Detection,Dmitry,Personal Project,PP,  07/16,9,A1.5 R,Mustafa,A1.5 R,Mustafa,  07/16,7,A1.4.2 Maths for AI - Probabilities,Sami
Fri.,  07/17,,FALSE,,,,,,,,,47,B2.2 Face Detection,Dmitry,B2.2 Face Detection,Sami,  07/17,10,A1.6 Data Engineering with R,Mustafa,A1.6 Data Engineering with R,Mustafa,  07/17,,,
Sat.,  07/18,,FALSE,,,,,,,,,,,,,,  07/18,,,,,,  07/18,8,A1.8 SQL,Mustafa
Mon.,  07/20,,FALSE,,,,,,,,,48,A2.2 AWS,Quang,A2.2 AWS,Quang,  07/20,11,B1.1.1-4 ML & Regressions,Fanbo,A2.3 ML APIs,Fanbo,  07/20,,,
Tue.,  07/21,,FALSE,,,,,,,,,49,B2.3 Natural Language Processing,Dmitry,B2.6 Computer Vision for Autonomous Cars,Mustafa,  07/21,12,B1.1.1-4 ML & Regressions,Fanbo,A2.3 ML APIs,Fanbo,  07/21,9,A1.4.2 Maths for AI - Probabilities,Sami
Wed.,  07/22,,FALSE,,,,,,,,,50,B2.3 Natural Language Processing,Dmitry,B2.6 Computer Vision for Autonomous Cars,Mustafa,  07/22,13,B1.1.1-4 ML & Regressions,Sami,B1.1.5-6 ML - Supervised - NN & Cie,Fanbo,  07/22,10,A1.4.3 Maths for AI - Stats & Tests,Sami
Thu.,  07/23,,FALSE,,,,,,,,,51,B2.3 Natural Language Processing,Dmitry,"D1 Interview questions, ML",Mustafa,  07/23,14,B1.1.5-6 ML - Supervised - NN & Cie,Fanbo,B1.1.5-6 ML - Supervised - NN & Cie,Fanbo,  07/23,11,A1.4.3 Maths for AI - Stats & Tests,Sami
Fri.,  07/24,,FALSE,,,,,,,,,51,B2.4 Speech representation & recognition,Dmitry,"D1 Interview questions, ML",Mustafa,  07/24,15,B1.1.7-8 ML decision trees,Sami,B1.1.7-8 ML decision trees,Sami,  07/24,,,
Sat.,  07/25,,FALSE,,,,,,,,,,,,,,  07/25,,,,,,  07/25,12,"A1.4.4,5 Statistics in Python",Sami
Mon.,  07/27,,FALSE,,,,,,,,,52,B2.4 Speech representation & recognition,Dmitry,Personal Project,PP,  07/27,16,A1.7 Algorithmic & Complexity,Mustafa,A1.7 Algorithmic & Complexity,Mustafa,  07/27,,,
Tue.,  07/28,,FALSE,,,,,,,,,53,B2.4 Speech representation & recognition,Dmitry,Personal Project,PP,  07/28,17,A1.7 Algorithmic & Complexity,Mustafa,A1.7 Algorithmic & Complexity,Mustafa,  07/28,13,B1.1.1-4 ML & Regressions,Sami
Wed.,  07/29,,FALSE,,,,,,,,,54,"D2 Interview questions, ML / algorithms",Dmitry,B2.5 Chatbot for medical diagnosis,Mustafa,  07/29,18,B1.1.9-11 ML Unsupervised Learning,Fanbo,B1.1.9-11 ML Unsupervised Learning,Fanbo,  07/29,14,B1.1.1-4 ML & Regressions,Sami
Thu.,  07/30,,FALSE,,,,,,,,,55,"D2 Interview questions, algorithms",Dmitry,B2.5 Chatbot for medical diagnosis,Mustafa,  07/30,19,B1.3.1-3 Tensorflow Intro,Fanbo,B1.3.1-3 Tensorflow Intro,Fanbo,  07/30,15,B1.1.1-4 ML & Regressions,Sami
Fri.,  07/31,,FALSE,,,,,,,,,56,A2.2 AWS,Quang,A2.2 AWS,Quang,  07/31,20,B1.3.1-3 Tensorflow Intro,Fanbo,"B1.3.4-7 Tensorflow 2.0, Estimators & Apache Spark",Mustafa,  07/31,,,
Sat.,  08/01,,FALSE,,,,,,,,,,,,,,  08/01,,,,,,  08/01,16,A2.3 ML APIs,Sami
Mon.,  08/03,,FALSE,,,,,,,,,57,"D2 Interview questions, algorithms",Dmitry,Personal project,PP,  08/03,21,"B1.3.4-7 Tensorflow 2.0, Estimators & Apache Spark",Mustafa,"B1.3.4-7 Tensorflow 2.0, Estimators & Apache Spark",Mustafa,  08/03,,,
Tue.,  08/04,,FALSE,,,,,,,,,58,Personal Project,PP,Personal project,PP,  08/04,22,A1.2 Git / GitHub,Fanbo,A1.2 Git / GitHub,Fanbo,  08/04,17,B1.1.5-6 ML - Supervised - NN & Cie,Sami
Wed.,  08/05,,FALSE,,,,,,,,,59,Team Project Presentation,Dmitry,Team Project Presentation,Dmitry,  08/05,23,B1.2 ML Workshop,Fanbo,B1.2 ML Workshop,Fanbo,  08/05,18,B1.1.5-6 ML - Supervised - NN & Cie,Sami
Thu.,  08/06,,FALSE,,,,,,,,,,,,,,  08/06,24,"A2.1 Big Data archi, Hadoop & Spark",Mustafa,"A2.1 Big Data archi, Hadoop & Spark",Mustafa,  08/06,19,B1.1.5-6 ML - Supervised - NN & Cie,Sami
Fri.,  08/07,,FALSE,,,,,,,,,,,,,,  08/07,25,"A2.1 Big Data archi, Hadoop & Spark",Mustafa,"A2.1 Big Data archi, Hadoop & Spark",Mustafa,  08/07,,,
Sat.,  08/08,,FALSE,,,,,,,,,,,,,,  08/08,,,,,,  08/08,20,A1.5 R,Mustafa
Mon.,  08/10,,FALSE,,,,,,,,,,,,,,  08/10,26,A2.4 Spark,Mustafa,A2.4 Spark,Mustafa,  08/10,,,
Tue.,  08/11,,FALSE,,,,,,,,,,,,,,  08/11,27,A2.4 Spark,Mustafa,Personal Project,PP,  08/11,21,B1.1.7-8 ML decision trees,Sami
Wed.,  08/12,,FALSE,,,,,,,,,,,,,,  08/12,28,B1.4.1-2 Deep Learning - ANN,Fanbo,B1.4.1-2 Deep Learning - ANN,Fanbo,  08/12,22,B1.1.7-8 ML decision trees,Sami
Thu.,  08/13,,FALSE,,,,,,,,,,,,,,  08/13,29,B1.4.3-4 Deep Learning - CNN,Fanbo,B1.4.3-4 Deep Learning - CNN,Fanbo,  08/13,23,B1.1.7-8 ML decision trees,Sami
Fri.,  08/14,,FALSE,,,,,,,,,,,,,,  08/14,30,B1.4.5-6 Deep Learning - RNN,Fanbo,B1.4.5-6 Deep Learning - RNN,Fanbo,  08/14,,,
Sat.,  08/15,FR,FALSE,,,,,,,,,,,,,,  08/15,,,,,,  08/15,24,A1.6 Data Engineering with R,Mustafa
Mon.,  08/17,,FALSE,,,,,,,,,,,,,,  08/17,31,B1.5 Customer Segmentation,Fanbo,Personal Project,PP,  08/17,,,
Tue.,  08/18,,FALSE,,,,,,,,,,,,,,  08/18,32,B1.5 Customer Segmentation,Fanbo,B1.5 Customer Segmentation,Fanbo,  08/18,25,A1.7 Algorithmic & Complexity(1/2),Sami
Wed.,  08/19,,FALSE,,,,,,,,,,,,,,  08/19,33,B1.5 Customer Segmentation,Fanbo,B1.5 Customer Segmentation,Fanbo,  08/19,26,A1.7 Algorithmic & Complexity(1/2),Sami
Thu.,  08/20,,FALSE,,,,,,,,,,,,,,  08/20,34,B1.4.7-9 Deep Learning - Auto-encoders,Mustafa,B1.4.7-9 Deep Learning - Auto-encoders,Mustafa,  08/20,27,A1.7 Algorithmic & Complexity(1/2),Sami
Fri.,  08/21,,FALSE,,,,,,,,,,,,,,  08/21,35,Personal Project,PP,B1.4.7-9 Deep Learning - Auto-encoders,Mustafa,  08/21,,,
Sat.,  08/22,,FALSE,,,,,,,,,,,,,,  08/22,,,,,,  08/22,28,Personal Project,Sami
Mon.,  08/24,,FALSE,,,,,,,,,,,,,,  08/24,36,Personal Project,PP,B1.4.7-9 Deep Learning - Auto-encoders,Mustafa,  08/24,,,
Tue.,  08/25,,FALSE,,,,,,,,,,,,,,  08/25,37,A2.2 AWS,Quang,A2.2 AWS,Quang,  08/25,29,B1.1.9-11 ML Unsupervised Learning,Sami
Wed.,  08/26,,FALSE,,,,,,,,,,,,,,  08/26,38,B1.6 Fraud Detection,Mustafa,B1.6 Fraud Detection,Mustafa,  08/26,30,B1.1.9-11 ML Unsupervised Learning,Sami
Thu.,  08/27,,FALSE,,,,,,,,,,,,,,  08/27,39,B1.4.10-11 Timeseries,Fanbo,B1.4.10-11 Timeseries,Fanbo,  08/27,31,Personal project,Sami
Fri.,  08/28,,FALSE,,,,,,,,,,,,,,  08/28,40,B1.4.10-11 Timeseries,Fanbo,B1.4.10-11 Timeseries,Fanbo,  08/28,,,
Sat.,  08/29,,FALSE,,,,,,,,,,,,,,  08/29,,,,,,  08/29,32,Personal Project,Sami
Mon.,  08/31,,FALSE,,,,,,,,,,,,,,  08/31,41,A2.2 AWS,Quang,A2.2 AWS,Quang,  08/31,,,
Tue.,  09/01,,FALSE,,,,,,,,,,,,,,  09/01,42,B1.7 RL & AI in videogames,Mustafa,B1.7 RL & AI in videogames,Mustafa,  09/01,33,B1.1.9-11 ML Unsupervised Learning,Sami
Wed.,  09/02,,FALSE,,,,,,,,,,,,,,  09/02,43,A1.7 Algorithmic & Complexity,Dmitry,B2.1 Image Processing,Fanbo,  09/02,34,B1.1.9-11 ML Unsupervised Learning,Sami
Thu.,  09/03,,FALSE,,,,,,,,,,,,,,  09/03,44,A1.7 Algorithmic & Complexity,Dmitry,B2.1 Image Processing,Fanbo,  09/03,35,Personal project,Sami
Fri.,  09/04,,FALSE,,,,,,,,,,,,,,  09/04,45,A1.7 Algorithmic & Complexity,Dmitry,B2.1 Image Processing,Fanbo,  09/04,,,
Sat.,  09/05,,FALSE,,,,,,,,,,,,,,  09/05,,,,,,  09/05,36,Personal Project,Sami
Mon.,  09/07,US,FALSE,,,,,,X,Labor Day,,,,,,,  09/07,X,Labor Day,,,,  09/07,X,Labor Day,
Tue.,  09/08,,FALSE,,,,,,,,,,,,,,  09/08,46,B2.2 Face Detection,Dmitry,B2.2 Face Detection,Fanbo,  09/08,37,B1.3.1-3 Tensorflow Intro,Sami
Wed.,  09/09,,FALSE,,,,,,,,,,,,,,  09/09,47,B2.2 Face Detection,Dmitry,Personal Project,PP,  09/09,38,B1.3.1-3 Tensorflow Intro,Sami
Thu.,  09/10,,FALSE,,,,,,,,,,,,,,  09/10,48,A2.2 AWS,Quang,A2.2 AWS,Quang,  09/10,39,B1.3.1-3 Tensorflow Intro,Sami
Fri.,  09/11,,FALSE,,,,,,,,,,,,,,  09/11,49,B2.3 Natural Language Processing,Dmitry,B2.3 Natural Language Processing,Fanbo,  09/11,,,
Sat.,  09/12,,FALSE,,,,,,,,,,,,,,  09/12,,,,,,  09/12,40,A2.1 Big Data archi & Hadoop,Mustafa
Mon.,  09/14,,FALSE,,,,,,,,,,,,,,  09/14,50,B2.3 Natural Language Processing,Dmitry,"D0 Interview preparation, HR",Jad,  09/14,,,
Tue.,  09/15,,FALSE,,,,,,,,,,,,,,  09/15,51,B2.4 Speech representation & recognition,Dmitry,"D0 Interview preparation, HR",Jad,  09/15,41,A1.2 Git / GitHub,Sami
Wed.,  09/16,,FALSE,,,,,,,,,,,,,,  09/16,52,B2.4 Speech representation & recognition,Dmitry,B2.5 Chatbot for medical diagnosis,Mustafa,  09/16,42,A1.2 Git / GitHub,Sami
Thu.,  09/17,,FALSE,,,,,,,,,,,,,,  09/17,53,B2.4 Speech representation & recognition,Dmitry,B2.5 Chatbot for medical diagnosis,Mustafa,  09/17,43,B1.2 ML Workshop,Sami
Fri.,  09/18,,FALSE,,,,,,,,,,,,,,  09/18,54,"D1 Interview questions, ML",Dmitry,Personal Project,PP,  09/18,,,
Sat.,  09/19,,FALSE,,,,,,,,,,,,,,  09/19,,,,,,  09/19,44,A2.1 Big Data archi & Hadoop,Mustafa
Mon.,  09/21,,FALSE,,,,,,,,,,,,,,  09/21,55,B2.6 Computer Vision for Autonomous Cars,Mustafa,B2.6 Computer Vision for Autonomous Cars,Mustafa,  09/21,,,
Tue.,  09/22,,FALSE,,,,,,,,,,,,,,  09/22,56,"D1 Interview questions, ML",Dmitry,Personal Project,PP,  09/22,45,B1.2 ML Workshop,Sami
Wed.,  09/23,,FALSE,,,,,,,,,,,,,,  09/23,57,"D2 Interview questions, ML / algorithms",Dmitry,Personal Project,PP,  09/23,46,B1.4.1-2 Deep Learning - ANN,Sami
Thu.,  09/24,,FALSE,,,,,,,,,,,,,,  09/24,58,"D2 Interview questions, algorithms",Dmitry,Personal Project,PP,  09/24,47,B1.4.1-2 Deep Learning - ANN,Sami
Fri.,  09/25,,FALSE,,,,,,,,,,,,,,  09/25,59,"D2 Interview questions, algorithms",Dmitry,Personal Project,PP,  09/25,,,
Sat.,  09/26,,FALSE,,,,,,,,,,,,,,  09/26,,,,,,  09/26,48,B1.4.3-4 Deep Learning - CNN,Sami
Mon.,  09/28,,FALSE,,,,,,,,,,,,,,  09/28,60,Team Project presentation,Dmitry,Team Project presentation,Dmitry,,,,
Tue.,  09/29,,FALSE,,,,,,,,,,,,,,,,,,,,,49,B1.4.3-4 Deep Learning - CNN,Sami
Wed.,  09/30,,FALSE,,,,,,,,,,,,,,,,,,,,,50,B1.4.3-4 Deep Learning - RNN,Sami
Thu.,  10/01,,FALSE,,,,,,,,,,,,,,,,,,,,,51,B1.4.3-4 Deep Learning - RNN,Sami
Fri.,  10/02,,FALSE,,,,,,,,,,,,,,,,,,,,,,,
Sat.,  10/03,,FALSE,,,,,,,,,,,,,,,,,,,,,52,Personal project,Sami
Mon.,  10/05,,FALSE,,,,,,,,,,,,,,,,,,,,,,,
Tue.,  10/06,,FALSE,,,,,,,,,,,,,,,,,,,,,53,B1.5 Customer Segmentation,Sami
Wed.,  10/07,,FALSE,,,,,,,,,,,,,,,,,,,,,54,B1.5 Customer Segmentation,Sami
Thu.,  10/08,,FALSE,,,,,,,,,,,,,,,,,,,,,55,B1.5 Customer Segmentation,Sami
Fri.,  10/09,,FALSE,,,,,,,,,,,,,,,,,,,,,,,
Sat.,  10/10,,FALSE,,,,,,,,,,,,,,,,,,,,,56,B1.5 Customer Segmentation,Sami
Mon.,  10/12,US,FALSE,,,,,,X,Columbus Day,,,,,,,,,,,,,,X,Columbus Day,
Tue.,  10/13,,FALSE,,,,,,,,,,,,,,,,,,,,,57,B1.4.7-9 Deep Learning - Auto-encoders,Sami
Wed.,  10/14,,FALSE,,,,,,,,,,,,,,,,,,,,,58,B1.4.7-9 Deep Learning - Auto-encoders,Sami
Thu.,  10/15,,FALSE,,,,,,,,,,,,,,,,,,,,,59,B1.4.7-9 Deep Learning - Auto-encoders,Sami
Fri.,  10/16,,FALSE,,,,,,,,,,,,,,,,,,,,,,,
Sat.,  10/17,,FALSE,,,,,,,,,,,,,,,,,,,,,60,A2.2 AWS,Quang
Mon.,  10/19,,FALSE,,,,,,,,,,,,,,,,,,,,,,,
Tue.,  10/20,,FALSE,,,,,,,,,,,,,,,,,,,,,61,B1.4.7-9 Deep Learning - Auto-encoders,Sami
Wed.,  10/21,,FALSE,,,,,,,,,,,,,,,,,,,,,62,B1.6 Fraud Detection,Sami
Thu.,  10/22,,FALSE,,,,,,,,,,,,,,,,,,,,,63,B1.6 Fraud Detection,Sami
Fri.,  10/23,,FALSE,,,,,,,,,,,,,,,,,,,,,,,
Sat.,  10/24,,FALSE,,,,,,,,,,,,,,,,,,,,,64,A2.2 AWS,Quang
Mon.,  10/26,,FALSE,,,,,,,,,,,,,,,,,,,,,,,
Tue.,  10/27,,FALSE,,,,,,,,,,,,,,,,,,,,,65,B1.4.10-11 Timeseries,Sami
Wed.,  10/28,,FALSE,,,,,,,,,,,,,,,,,,,,,66,B1.4.10-11 Timeseries,Sami
Thu.,  10/29,,FALSE,,,,,,,,,,,,,,,,,,,,,67,B1.4.10-11 Timeseries,Sami
Fri.,  10/30,,FALSE,,,,,,,,,,,,,,,,,,,,,,,
Sat.,  10/31,,FALSE,,,,,,,,,,,,,,,,,,,,,68,A2.2 AWS,Quang
Mon.,  11/02,,FALSE,,,,,,,,,,,,,,,,,,,,,,,
Tue.,  11/03,,FALSE,,,,,,,,,,,,,,,,,,,,,69,B1.4.10-11 Timeseries,Sami
Wed.,  11/04,,FALSE,,,,,,,,,,,,,,,,,,,,,70,B1.7 RL & AI in videogames,Sami
Thu.,  11/05,,FALSE,,,,,,,,,,,,,,,,,,,,,71,B1.7 RL & AI in videogames,Sami
Fri.,  11/06,,FALSE,,,,,,,,,,,,,,,,,,,,,,,
Sat.,  11/07,,FALSE,,,,,,,,,,,,,,,,,,,,,72,Personal project,Sami
Mon.,  11/09,,FALSE,,,,,,,,,,,,,,,,,,,,,,,
Tue.,  11/10,,FALSE,,,,,,,,,,,,,,,,,,,,,73,B2.1 Image Processing,Sami
Wed.,  11/11,FR,FALSE,,,,,,,,,,,,,,,,,,,,,74,B2.1 Image Processing,Sami
Thu.,  11/12,,FALSE,,,,,,,,,,,,,,,,,,,,,75,B2.1 Image Processing,Sami
Fri.,  11/13,,FALSE,,,,,,,,,,,,,,,,,,,,,,,
Sat.,  11/14,,FALSE,,,,,,,,,,,,,,,,,,,,,76,B2.2 Face Detection,Sami
Mon.,  11/16,,FALSE,,,,,,,,,,,,,,,,,,,,,,,
Tue.,  11/17,,FALSE,,,,,,,,,,,,,,,,,,,,,77,B2.2 Face Detection,Sami
Wed.,  11/18,,FALSE,,,,,,,,,,,,,,,,,,,,,78,B2.2 Face Detection,Sami
Thu.,  11/19,,FALSE,,,,,,,,,,,,,,,,,,,,,79,B2.3 Natural Language Processing,Sami
Fri.,  11/20,,FALSE,,,,,,,,,,,,,,,,,,,,,,,
Sat.,  11/21,,FALSE,,,,,,,,,,,,,,,,,,,,,80,B2.3 Natural Language Processing,Sami
Mon.,  11/23,,FALSE,,,,,,,,,,,,,,,,,,,,,,,
Tue.,  11/24,,FALSE,,,,,,,,,,,,,,,,,,,,,81,B2.4 Speech representation & recognition,Sami
Wed.,  11/25,,FALSE,,,,,,,,,,,,,,,,,,,,,82,B2.4 Speech representation & recognition,Sami
Thu.,  11/26,,FALSE,,,,,,,,,,,,,,,,,,,,,83,B2.4 Speech representation & recognition,Sami
Fri.,  11/27,,FALSE,,,,,,,,,,,,,,,,,,,,,,,
Sat.,  11/28,,FALSE,,,,,,,,,,,,,,,,,,,,,84,Person project,Sami
Mon.,  11/30,,FALSE,,,,,,,,,,,,,,,,,,,,,,,
Tue.,  12/01,,FALSE,,,,,,,,,,,,,,,,,,,,,85,B1.7 RL & AI in videogames,Sami
Wed.,  12/02,,FALSE,,,,,,,,,,,,,,,,,,,,,86,B1.7 RL & AI in videogames,Sami
Thu.,  12/03,,FALSE,,,,,,,,,,,,,,,,,,,,,87,A1.7 Algorithmic & Complexity(2/2),Sami
Fri.,  12/04,,FALSE,,,,,,,,,,,,,,,,,,,,,,,
Sat.,  12/05,,FALSE,,,,,,,,,,,,,,,,,,,,,88,A1.7 Algorithmic & Complexity(2/2),Sami
Mon.,  12/07,,FALSE,,,,,,,,,,,,,,,,,,,,,,,
Tue.,  12/08,,FALSE,,,,,,,,,,,,,,,,,,,,,89,B2.5 Chatbot for medical diagnosis,Sami
Wed.,  12/09,,FALSE,,,,,,,,,,,,,,,,,,,,,90,B2.5 Chatbot for medical diagnosis,Sami
Thu.,  12/10,,FALSE,,,,,,,,,,,,,,,,,,,,,91,"D1 Interview questions, ML",Sami
Fri.,  12/11,,FALSE,,,,,,,,,,,,,,,,,,,,,,,
Sat.,  12/12,,FALSE,,,,,,,,,,,,,,,,,,,,,92,Personal project,Sami
Mon.,  12/14,,FALSE,,,,,,,,,,,,,,,,,,,,,,,
Tue.,  12/15,,FALSE,,,,,,,,,,,,,,,,,,,,,93,"D1 Interview questions, ML",Sami
Wed.,  12/16,,FALSE,,,,,,,,,,,,,,,,,,,,,94,"D1 Interview questions, ML",Sami
Thu.,  12/17,,FALSE,,,,,,,,,,,,,,,,,,,,,95,"D1 Interview questions, ML",Sami
Fri.,  12/18,,FALSE,,,,,,,,,,,,,,,,,,,,,,,
Sat.,  12/19,,FALSE,,,,,,,,,,,,,,,,,,,,,96,B2.6 Computer Vision for Autonomous Cars,Sami
Mon.,  12/21,,FALSE,,,,,,,,,,,,,,,,,,,,,,,
Tue.,  12/22,,FALSE,,,,,,,,,,,,,,,,,,,,,97,B2.6 Computer Vision for Autonomous Cars,Sami
Wed.,  12/23,,FALSE,,,,,,,,,,,,,,,,,,,,,98,"D0 Interview preparation, HR",Sami
Thu.,  12/24,,FALSE,,,,,,,,,,,,,,,,,,,,,99,Personal Project,Sami
Fri.,  12/25,FR/US,FALSE,,,,,,,,,,,,,,,,,,,,,,,
Sat.,  12/26,,FALSE,,,,,,,,,,,,,,,,,,,,,100,Team presentation ,Sami
Mon.,  12/28,,FALSE,,,,,,,,,,,,,,,,,,,,,,,
Tue.,  12/29,,FALSE,,,,,,,,,,,,,,,,,,,,,101,,Sami
Wed.,  12/30,,FALSE,,,,,,,,,,,,,,,,,,,,,102,,Sami
Thu.,  12/31,,FALSE,,,,,,,,,,,,,,,,,,,,,,,
Fri.,  01/01,FR/US,FALSE,,,,,,,,,,,,,,,,,,,,,,,
Sat.,  01/02,,FALSE,,,,,,,,,,,,,,,,,,,,,,,